"","term","seay_estimate","seay_std.error","seay_statistic","seay_p.value","GT_estimate","GT_std.error","GT_statistic","GT_p.value","lbl","AA","seay_OR","seay_minOR","seay_maxOR","GT_OR","GT_minOR","GT_maxOR","group","gr"
"1","length12",0.147526527807426,0.00626165046571998,23.5603262454642,9.83877304339571e-123,-0.0610951644607662,0.00587823096288078,-10.393461033866,2.65538813180295e-25,"%length12","length12",1.15896402919654,1.14482744021262,1.17327517998871,0.940733711099762,0.929957599843008,0.95163469318271,"neutral","all"
"2","length13",0.0874738045238029,0.00475079448191235,18.4124581387052,1.04375784151976e-75,-0.0573963773177803,0.00450027920757879,-12.7539591812705,2.96305851949636e-37,"%length13","length13",1.09141367396757,1.08129826718781,1.10162370908201,0.944219727898051,0.935927968230103,0.952584947576519,"neutral","all"
"3","length14",0.0212871378176951,0.00436389100932133,4.87801775347402,1.07157281997322e-06,-0.053951576511784,0.00405429687897812,-13.3072584771795,2.10048687625992e-40,"%length14","length14",1.02151532521177,1.01281549210903,1.03028988771647,0.947477985580046,0.939978898497272,0.955036899864437,"neutral","all"
"4","length16",0.0115967507639243,0.00503619452212501,2.30268126319931,0.0212967831657813,0.0689726103089268,0.00455173412361467,15.1530402338513,7.23412517896097e-52,"%length16","length16",1.01166425376419,1.00172748126102,1.02169959543874,1.07140686324346,1.06189110018095,1.08100789846491,"neutral","all"
"5","length17",0.0604038073943763,0.00656676699051118,9.19840881847313,3.63289252674513e-20,0.175008244281885,0.00575321741555378,30.4191953199529,3.06212445093306e-203,"%length17","length17",1.06226541057788,1.0486809964067,1.07602579466651,1.19125603762245,1.17789876717466,1.20476477836529,"neutral","all"
"6","perc_mid_C",0.0054490239628307,0.00152124830218402,3.58194251063923,0.00034104885409447,0.00494436013724566,0.00135847353585053,3.6396440613398,0.000273015163440012,"%C","C",1.00546389689596,1.0024704786948,1.00846625356734,1.0049566036563,1.00228440622198,1.00763592545481,"hydrophobic","all"
"7","perc_mid_D",-0.0571266694679389,0.00164949169903613,-34.6328929701923,8.08341534456535e-263,-0.0590874903945658,0.00161934599295434,-36.4884902001494,1.68837345561221e-291,"%D","D",0.944474425716097,0.941425922958415,0.947532800062012,0.942624294977808,0.939637280288597,0.945620805093543,"acidic","all"
"8","perc_mid_E",-0.0517902147687652,0.00164892363641061,-31.4084980196551,1.54902419313425e-216,-0.0330583284896908,0.00159259319899524,-20.7575471944418,1.04779952633853e-95,"%E","E",0.949528042910106,0.946464282246974,0.952601721147073,0.967482126171988,0.964466911306573,0.970506767509766,"acidic","all"
"9","perc_mid_F",0.0292816845652744,0.00156535212586316,18.7061326850839,4.41256784692837e-78,0.0481426525070778,0.00139683021457036,34.4656437159656,2.62539505870571e-260,"%F","F",1.02971460833881,1.02656025043915,1.03287865877599,1.04932033282449,1.04645149866414,1.05219703185908,"very hydrophobic","all"
"10","perc_mid_H",0.0065057793550886,0.00155913794453386,4.17267720146062,3.01041302767191e-05,0.00510535707494075,0.00146868322056061,3.47614584511422,0.000508675576699865,"%H","H",1.00652698790537,1.003455882978,1.00960749203567,1.00511841161695,1.00222927199802,1.00801587979699,"basic","all"
"11","perc_mid_I",0.0178014837205009,0.00156903761570964,11.3454792557346,7.80971835859482e-30,0.0293488908158246,0.00143093468138075,20.5102938643607,1.74238525525767e-93,"%I","I",1.01796087452472,1.01483519160136,1.02109618452231,1.02978381392227,1.02689974856765,1.03267597922333,"hydrophobic","all"
"12","perc_mid_L",0.027399117403062,0.00168843290416359,16.2275429100542,3.22097023780331e-59,0.0288616511842095,0.00158981153908175,18.1541336659812,1.19091987875019e-73,"%L","L",1.02777792497093,1.02438235422414,1.03118475118365,1.02928218465288,1.02607996040048,1.03249440251256,"very hydrophobic","all"
"13","perc_mid_N",-0.0181137254219933,0.00159396902172697,-11.3639130843134,6.32467837546274e-30,-0.00674296677133419,0.001511763851089,-4.46033073649491,8.18332678422312e-06,"%N","N",0.982049342031566,0.978986087681183,0.985122181326344,0.993279716017373,0.990340981424994,0.99622717100118,"neutral","all"
"14","perc_mid_Q",-0.0282472301796927,0.00170098034540915,-16.6064412536749,6.25983827352181e-62,-0.0318296906539795,0.00164526636562126,-19.3462233952376,2.19337203757973e-83,"%Q","Q",0.972147992765674,0.968912383780015,0.97539440682069,0.968671541848504,0.96555293367348,0.971800222715155,"neutral","all"
"15","perc_mid_R",0.0349439860192737,0.00167774677526486,20.8279262010546,2.41702127570537e-96,0.0303718703320765,0.00157735534580941,19.2549322590918,1.2834241262386e-82,"%R","R",1.03556170124185,1.03216203228663,1.03897256780814,1.03083780068159,1.02765582527991,1.03402962857202,"basic","all"
"16","perc_mid_S",-0.0245589702722024,0.00167826455472813,-14.6335511901345,1.7159201254828e-48,-0.024727657505094,0.00161694333964978,-15.292841065445,8.53443149095598e-53,"%S","S",0.975740147559709,0.97253588117928,0.978954971209268,0.975575566535945,0.972488714469143,0.978672216819981,"neutral","all"
"17","perc_mid_T",-0.0146235637841744,0.00169110423726202,-8.64734619070592,5.27108767918017e-18,-0.0122825871002065,0.00161594099251021,-7.60088837224601,2.94104723511242e-14,"%T","T",0.985482841219792,0.98222186224114,0.988754646656608,0.987792535989546,0.984668962234808,0.990926018366751,"neutral","all"
"18","perc_mid_V",0.00616185088257074,0.00161199185475271,3.82250745523526,0.000132101483344682,-0.0133524177411615,0.00156162755963338,-8.55032152755822,1.22746094862315e-17,"%V","V",1.00618087413847,1.00300691663571,1.00936487544658,0.986736330348955,0.983720810342582,0.989761094198514,"neutral","all"
"19","perc_mid_W",0.0421903815266226,0.00154184379619045,27.3635900282931,7.4422630343169e-165,0.0512821338142479,0.00135666117288575,37.8002517055648,0,"%W","W",1.04309304549485,1.03994561988732,1.04624999687736,1.05261983104103,1.04982462538454,1.05542247905929,"very hydrophobic","all"
"20","perc_mid_Y",0.0331947898612585,0.00155816009097746,21.3038378106802,1.04590928094257e-100,0.0504359770735538,0.00137483012315628,36.6852429431536,1.25556395809951e-294,"%Y","Y",1.03375188401677,1.03059968596469,1.03691372339971,1.05172952639736,1.04889933244027,1.05456735692889,"very hydrophobic","all"
